Generation,Best Score,aggregate_height,complete_lines,holes,bumpiness
0.0,1038.0,-1.6161943591413337,8.781366412893696,-5.173933093624146,-7.156156545913883
1.0,1206.0,-6.542018169973051,8.077524285957097,-3.0697530720280497,-6.515886754516886
